{"health":60,"position":[53.591041564941409,1.0800023078918458,70.49238586425781]}